{
    "lines_cleared": 0.405325871170565,
    "aggregate_height": -0.7009233609264324,
    "holes": -0.35347997346145654,
    "bumpiness": -0.24271005343637464
}