{
    "lines_cleared": 0.35397917111875443,
    "aggregate_height": -0.8689632264118643,
    "holes": -0.6268701550785519,
    "bumpiness": -0.6845355826324
}